{"cameraMode":{"drawMode":0,"name":"Shaded","section":"Shading Mode"},"sceneLighting":false,"audioPlay":false,"sceneViewState":{"m_AlwaysRefresh":false,"showFog":true,"showSkybox":true,"showFlares":true,"showImageEffects":true,"showParticleSystems":true,"showVisualEffectGraphs":true,"m_FxEnabled":true},"in2DMode":false,"pivot":{"x":217.68963623046876,"y":48.388553619384769,"z":437.4314270019531},"rotation":{"x":-0.028947658836841584,"y":0.970649778842926,"z":-0.18296225368976594,"w":-0.15355747938156129},"size":24.00029182434082,"orthographic":false}