{"cameraMode":{"drawMode":0,"name":"Shaded","section":"Shading Mode"},"sceneLighting":false,"audioPlay":false,"sceneViewState":{"m_AlwaysRefresh":false,"showFog":true,"showSkybox":true,"showFlares":true,"showImageEffects":true,"showParticleSystems":true,"showVisualEffectGraphs":true,"m_FxEnabled":true},"in2DMode":false,"pivot":{"x":114.65691375732422,"y":4.73293399810791,"z":308.0922546386719},"rotation":{"x":-0.10518395900726319,"y":-0.06558793038129807,"z":0.006952638737857342,"w":-0.9922634959220886},"size":1.4280561208724976,"orthographic":false}